НАИМЕНОВАНИЕ;autoscaners.ru;www.carscanner.ru;www.vgarazhax.ru;www.carhealth.ru;www.electronicsystem.ru;www.carmod.ru;http://mosautolab.ru/;http://www.autoset-dv.ru/;http://di-zel.ru/;https://autocheckers.ru/;http://xdiag.ru/;https://www.diagnosticks.ru/
;;;;;;;;;;;;
;;;;;;;;;;;;
;;;;;;;;;;;;https://www.diagnosticks.ru/product-page/launch-x431-pro-2017
МУЛЬТИМАРОЧНЫЕ ЛЕГКОВЫЕ ;;;;http://www.carhealth.ru/diagnostika-legkovykh-avtomobilej/oborudovanie-dlya-opel/op-com-opel-rus-kupit;;;;;;;;
Диагностический сканер Сканматик 2 USB + BlueTooth (Scanmatik);http://www.autoscaners.ru/catalogue/?catalogue_id=diagnosticheskiy_skaner_skanmatik_2_usb_bluetooth_scanmatik;http://www.carscanner.ru/skanmatik-2/diagnosticheskiy-avtoskaner-skanmatik-2-bluetooth-i-usb-bazovyy-komplekt.html;http://www.vgarazhax.ru/avtoskanery/vaz-gaz-izh-uaz/scanmatik-2;;http://electronicsystem.ru/avtoskanery/diagnostika-vaz-gaz-izh-uaz/scanmatik-2.html;http://www.carmod.ru/products/komplekt_skanmatik_2_usb__bluetooth;http://www.mosautolab.ru/catalog/diagnosticheskoe_oborudovanie/avtoskanery/skaner_diagnosticheskiy_skanmatik_2_usb_bluetooth_bazovyy_komplekt;html;;;;
Launch X431 PRO 2017 мультимарочный сканер;https://www.autoscaners.ru/catalogue/?catalogue_id=launch_x431_pro_2017_multimarochnyy_skaner;;https://www.vgarazhax.ru/multimarochnye-skanery/launch-x431-pro-2017;;;https://www.carmod.ru/products/launch-x431-pro-2017-professionalnyj-diagnosticheskij-avtoskaner;https://www.mosautolab.ru/catalog/diagnosticheskoe_oborudovanie/avtoskanery/skaner_diagnosticheskiy_launch_x431_pro_version_2017.html;;;https://autocheckers.ru/multimarochnyie-skaneryi-legkovyie/mul-launch-x431/launch-x431-pro-2017-multimarochnyj-skaner;;https://www.diagnosticks.ru/product-page/launch-x431-pro-2017
Launch X431 PRO 3 2017 - мультимарочный сканер;https://www.autoscaners.ru/catalogue/?catalogue_id=launch_x431_pro_3_2016_multimarochnyy_skaner;;https://www.vgarazhax.ru/multimarochnye-skanery/launch-x431-pro-3-2017;;;;https://www.mosautolab.ru/catalog/diagnosticheskoe_oborudovanie/avtoskanery/skaner_diagnosticheskiy_launch_x_431_pro3_v_3_0_version_2017.html;;;https://autocheckers.ru/multimarochnyie-skaneryi-legkovyie/mul-launch-x431/launch-x431-pro-3-2017-multimarochnyj-skaner;;https://www.diagnosticks.ru/product-page/launch-x431-pro-3-2017
Launch X431 PADIII v.2017 - многофункциональный мультимарочный сканеры;https://www.autoscaners.ru/catalogue/?catalogue_id=launch_x431_padiii_v_2017_mnogofunktsionalnyy_multimarochnyy_skanery;;;;;https://www.carmod.ru/products/x431-pad-iii-diagnosticheskij-skaner;https://www.mosautolab.ru/catalog/diagnosticheskoe_oborudovanie/avtoskanery/skaner_diagnosticheskiy_launch_x_431_pad_iii_version_2017.html;;;;;
Launch Creader VI - Портативный автосканер;http://www.autoscaners.ru/catalogue/?catalogue_id=433;http://www.carscanner.ru/korrektirovka-odometrov/index.php?option=com_virtuemart&page=shop.product_details&product_id=1519&flypage=flypage-ask.tpl&category_id=74;http://www.vgarazhax.ru/dop-oborudovanie/skanery-oshibok/creader-6-vi;http://www.carhealth.ru/portativnye-avtoskanery/launch-creader-vi-6-plus-kupit;http://electronicsystem.ru/other-diagnostic-tools/autoscanners-obd2/launch-creader-vi.html;http://www.carmod.ru/products/avtoskaner_launch_creader_vi;http://www.mosautolab.ru/catalog/diagnosticheskoe_oborudovanie/avtoskanery/skaner_diagnosticheskiy_launch_creader_vi_obd_ii;html;;;;
Launch Creader CR401 - Портативный автосканер;https://www.autoscaners.ru/catalogue/?catalogue_id=launch_creader_cr401_portativnyy_avtoskaner;;;;;;https://www.mosautolab.ru/catalog/diagnosticheskoe_oborudovanie/avtoskanery/skaner_diagnosticheskiy_launch_creader_cr401.html;;;;;
Launch Creader CR601 - Портативный автосканер;https://www.autoscaners.ru/catalogue/?catalogue_id=launch_creader_cr601_portativnyy_avtoskaner;;;;;https://www.carmod.ru/products/creader-cr601-diagnosticheskij-skaner;https://www.mosautolab.ru/catalog/diagnosticheskoe_oborudovanie/avtoskanery/skaner_diagnosticheskiy_launch_creader_cr601.html;;;;;
SCANDOC COMPACT - МУЛЬТИМАРОЧНЫЙ СКАНЕР;https://www.autoscaners.ru/catalogue/?catalogue_id=scandoc_compact_multibrand_scanner_full_set&sku=%23sku_scandoc_compact_new_multimarochnyy_skaner;http://www.carscanner.ru/vaz-gaz-uaz-izh/diagnosticheskiy-multimarochnyy-avtoskaner-scandoc-compact.html;http://www.vgarazhax.ru/multimarochnye-skanery/scandoc-compact;;http://electronicsystem.ru/multiautoscanners/scandoc-compact.html;http://www.carmod.ru/products/scandoc_compact__universalnyj_multimarochnyj_skaner;http://www.mosautolab.ru/catalog/diagnosticheskoe_oborudovanie/avtoskanery/skaner_diagnosticheskiy_quantex_scandoc_compact_version_2016_bazovyy_komplekt.html;;;;;
Launch Creader CRP229 - Портативный автосканер;http://www.autoscaners.ru/catalogue/?catalogue_id=launch_creader_crp229_portativnyy_avtoskaner;;http://www.vgarazhax.ru/dop-oborudovanie/skanery-oshibok/crp229;;;http://www.carmod.ru/products/launch_creader_professional_crp229s_professionalnyj_multimarochnyj_skaner;https://www.mosautolab.ru/catalog/diagnosticheskoe_oborudovanie/avtoskanery/skaner_diagnosticheskiy_launch_crp_229_.html;;;;;
G-SCAN 2 - МУЛЬТИМАРОЧНЫЙ СКАНЕР (БАЗОВЫЙ);http://www.autoscaners.ru/catalogue/?catalogue_id=g_scan_2_multimarochny_skaner;;https://www.vgarazhax.ru/multimarochnye-skanery/g-scan-2;;http://electronicsystem.ru/multiautoscanners/g-scan-2.html;http://www.carmod.ru/products/gscan_2s_universalnyj_multimarochnyj_avtoskaner;https://www.mosautolab.ru/catalog/diagnosticheskoe_oborudovanie/avtoskanery/skaner_diagnosticheskiy_git_auto_g_scan_2_lite_bez_adapterov_diagnosticheskikh_pod_starye_avto.html;;;;;
G-Scan 2 - мультимарочный сканер (полный комплект);http://www.autoscaners.ru/catalogue/?catalogue_id=g_scan_2_multimarochny_skaner;;;;;http://www.carmod.ru/products/gscan_2s_universalnyj_multimarochnyj_avtoskaner;https://www.mosautolab.ru/catalog/diagnosticheskoe_oborudovanie/avtoskanery/skaner_diagnosticheskiy_git_auto_g_scan_2_s_motor_testerom.html;;;;;
TEXA NAVIGATOR TXTs Car Light мультимарочный сканер ;https://www.autoscaners.ru/catalogue/?catalogue_id=diagnostic_scanner_texa_navigator_txts_leg&sku=%23sku_texa_navigator_txts_car_multibrand_scanner;;;;;;https://www.mosautolab.ru/catalog/diagnosticheskoe_oborudovanie/avtoskanery/skaner_diagnosticheskiy_texa_d07213_navigator_txts_s_po_bez_pk.html;;;;;
;;;;;;;;;;;;
;;;;;;;;;;;;
;;;;;;;;;;;;
МУЛЬТИМАРОЧНЫЕ ГРУЗОВЫЕ;;;;;;;;;;;;
FCAR F5-G full (полный) + 1 год обновлений;https://www.autoscaners.ru/catalogue/?catalogue_id=fcar_f5_g_multibrand_scanner;;https://www.vgarazhax.ru/multimarochnye-skanery/fcar-f5-g;;;https://www.carmod.ru/products/fcar_f5g__diagnostika_legkovyh_gruzovyh_avtomobilej_i_spetstehniki;;http://www.autoset-dv.ru/catalog/avtoskanery-dlja-gruzovih-avtomobiley/fcar-f5-g-universalnyj-avtoskaner-5508;;;;
FCAR F5-G full (полный) без термопринтера + 1 год обновлений;https://www.autoscaners.ru/catalogue/?catalogue_id=fcar_f5_g_multibrand_scanner&sku=%23sku_fcar_f5_g_full_polnyy_1_god_obnovleniy;;https://www.vgarazhax.ru/multimarochnye-skanery/fcar-f5-g;;;;;;;;;
FCAR F7S-G ДИАГНОСТИКА ГРУЗОВЫХ И ЛЕГКОВЫХ АВТОМОБИЛЕЙ;https://www.autoscaners.ru/catalogue/?catalogue_id=fcar_f7s_g_diagnostika_gruzovykh_i_legkovykh_avtomobiley;;https://www.vgarazhax.ru/multimarochnye-skanery/fcar-f7s-g;;;;;;http://di-zel.ru/equipment/scanners/fcar_f7s-g/;;;
Модуль диагностики грузовых автомобилей Launch X431 HD box 3.0;https://www.autoscaners.ru/catalogue/?catalogue_id=modul_diagnostiki_gruzovykh_avtomobiley_launch_x431_hd_box_3_0;;https://www.vgarazhax.ru/multimarochnye-skanery/launch-hd-box-3;;;;https://www.mosautolab.ru/catalog/diagnosticheskoe_oborudovanie/avtoskanery/skaner_diagnosticheskiy_launch_x_431_hd_box_iii_bez_plansheta_.html;;;;;
Launch X-431 HTT Truck - многофункциональный мультимарочный сканер для грузового транспорта;;;;;;;;;;;;
TEXA NAVIGATOR TXTS МУЛЬТИМАРОЧНЫЙ СКАНЕР без ПО;https://www.autoscaners.ru/catalogue/?catalogue_id=texa_navigator_txts_multimarochnyy_skaner_bez_po;;https://www.vgarazhax.ru/multimarochnye-skanery/texa-navigator-txts;;;https://www.carmod.ru/products/texa_navigator_txts__diagnosticheskij_skaner_dlya_mototsiklov_legkovyh_i_gruzovyh_avtomobilej;;;http://di-zel.ru/equipment/avtoskanery_dlya_gruzovikov/navigator/;;;
ДИАГНОСТИЧЕСКИЙ СКАНЕР TEXA NAVIGATOR TXTS TRUCK D07223;https://www.autoscaners.ru/catalogue/?catalogue_id=texa_navigator_txts_multibrand_scanner_;;;;;;https://www.mosautolab.ru/catalog/diagnosticheskoe_oborudovanie/avtoskanery/skaner_diagnosticheskiy_texa_d07223_navigator_txts_truck_basic_s_po_bez_pk.html;;;;;
МУЛЬТИМАРОЧНЫЙ СКАНЕР JALTEST LINK;https://www.autoscaners.ru/catalogue/?catalogue_id=scanner_jaltest_multibrand_diagnostics_for_trucks_;;;;;;https://www.mosautolab.ru/catalog/diagnosticheskoe_oborudovanie/avtoskanery/skaner_diagnosticheskiy_jaltest_cv_29365_dlya_gruzovikov_bez_po.html;;;;;
JALTEST AGV ;https://www.autoscaners.ru/catalogue/?catalogue_id=agv_jaltest_multibrand_scanner_for_agricultural_ma;;;;;;https://www.mosautolab.ru/catalog/diagnosticheskoe_oborudovanie/avtoskanery/skaner_diagnosticheskiy_jaltest_link_air_dlya_kommercheskogo_transporta_bez_po.html;;;;;
;;;;;;;;;;;;
;;;;;;;;;;;;
ДИЛЕРСКИЕ ЛЕГКОВЫЕ;;;;;;;;;;;;
Mercedes SD Connect 4 (базовый);http://www.autoscaners.ru/catalogue/?catalogue_id=525;;http://www.vgarazhax.ru/avtoskanery/mercedes-benz/sd-connect;http://www.carhealth.ru/diagnostika-legkovykh-avtomobilej/oborudovanie-dlya-mercedes-benz/sdconnect-compact-4-135-kupit;http://electronicsystem.ru/avtoskanery/diagnostika-mercedes-benz/mb-sd-connect.html;http://www.carmod.ru/products/mercedes_sd_connect_compact_4;https://www.mosautolab.ru/catalog/diagnosticheskoe_oborudovanie/avtoskanery/skaner_diagnosticheskiy_dcartool_mercedes_star_diagnosis_sdconnect_4_bazovyy_komplekt_analog.html;http://www.autoset-dv.ru/catalog/dilerskie-avtoskanery/sd-connect;;https://autocheckers.ru/dilerskie-avtoskaneryi-dlya-legkovyih/dil-mercedes/mercedes-sd-connect-4;http://xdiag.ru/products/sd-connect;
Mercedes SD Connect 4 (полный);http://www.autoscaners.ru/catalogue/?catalogue_id=525;;;http://www.carhealth.ru/diagnostika-gruzovykh-avtomobilej/sdconnect-compact-4-kupit;;http://www.carmod.ru/products/komplekt_dlya_diagnostiki_avtomobilej_mercedes_benz_i_smart;https://www.mosautolab.ru/catalog/diagnosticheskoe_oborudovanie/avtoskanery/skaner_diagnosticheskiy_dcartool_mercedes_star_diagnosis_sdconnect_4_polnyy_komplekt_analog.html;http://www.autoset-dv.ru/catalog/dilerskie-avtoskanery/mb-star-c4-sd-connect;;;;
Mercedes SD Connect C5 (базовый);http://www.autoscaners.ru/catalogue/?catalogue_id=mercedes_sd_connect_5_bazovyy;;https://www.vgarazhax.ru/avtoskanery/mercedes-benz-xentry-connect-compact-5;;;https://www.carmod.ru/products/mercedes_benz_sd_connect_compact_5s_novejshij_dilerskij_skaner_dlya_mercedes;https://www.mosautolab.ru/catalog/diagnosticheskoe_oborudovanie/avtoskanery/skaner_diagnosticheskiy_dcartool_mercedes_star_diagnosis_sdconnect_c5_bazovyy_komplekt.html;;;https://autocheckers.ru/dilerskie-avtoskaneryi-dlya-legkovyih/dil-mercedes/xentry-connect-c5;;
Mercedes SD Connect C5 (полный);http://www.autoscaners.ru/catalogue/?catalogue_id=mercedes_sd_connect_5_bazovyy;;;;;;https://www.mosautolab.ru/catalog/diagnosticheskoe_oborudovanie/avtoskanery/skaner_diagnosticheskiy_dcartool_mercedes_star_diagnosis_sdconnect_c5_polnyy_komplekt.html;;;;;
MERCEDES SD CONNECT C5 ПРЕМИУМ;https://www.autoscaners.ru/catalogue/?catalogue_id=mercedes_sd_connect_c5_premium;;;;;;https://www.mosautolab.ru/catalog/diagnosticheskoe_oborudovanie/avtoskanery/skaner_diagnosticheskiy_oem_mercedes_star_diagnosis_xentry_connect_bazovyy_komplekt_vosstanovlennyy.html;;;;;
Автосканер GM MDI;http://www.autoscaners.ru/catalogue/?catalogue_id=avtoskaner_gm_mdi;http://www.carscanner.ru/skanery-professionalnye/general-motors-mdi-diagnosticheskiy-skaner.html;http://www.vgarazhax.ru/avtoskanery/gm/mdi-wi-fi;http://www.carhealth.ru/diagnostika-legkovykh-avtomobilej/oborudovanie-dlya-general-motors/gm-mdi-kupit;http://electronicsystem.ru/avtoskanery/diagnostika-opel/gm-mdi.html;http://www.carmod.ru/products/avtoskaner_gm_mdi;http://www.mosautolab.ru/catalog/diagnosticheskoe_oborudovanie/avtoskanery/skaner_diagnosticheskiy_oem_gm_mdi.html;;;;;
Дилерский сканер Porsche PIWIS II;http://www.autoscaners.ru/catalogue/?catalogue_id=dilerskiy_skaner_porsche_piwis_ii;;https://www.vgarazhax.ru/avtoskanery/porche-piwis-tester-2;;http://electronicsystem.ru/avtoskanery/diagnostika-porsche/porsche-piwis-ii.html;http://www.carmod.ru/products/avtoskaner_porsche_piwis_ii;http://www.mosautolab.ru/catalog/diagnosticheskoe_oborudovanie/avtoskanery/skaner_diagnosticheskiy_dcartool_porsche_piwis_tester_ii_v_komplekte_noutbuk_litsenziya_po_piwis_1_g.html;;;;;
Диагностический сканер Ford VCM II ( оригинал );http://www.autoscaners.ru/catalogue/?catalogue_id=diagnosticheskiy_skaner_ford_vcm_ii_original_;;http://www.vgarazhax.ru/avtoskanery/ford/ford-vcm-ii-original;;;;https://www.mosautolab.ru/catalog/diagnosticheskoe_oborudovanie/avtoskanery/skaner_diagnosticheskiy_oem_bosch_ford_vcm_ii_wi_fi_original.html;;;;;
Диагностический сканер Ford VCM II (не оригинал);http://www.autoscaners.ru/catalogue/?catalogue_id=diagnosticheskiy_skaner_ford_vcm_ii_ne_original;http://www.carscanner.ru/skanery-professionalnye/diagnosticheskiy-skaner-ford-vcm-ii-ids-rotunda.html;http://www.vgarazhax.ru/avtoskanery/ford/ford-vcm-ii;http://www.carhealth.ru/diagnostika-legkovykh-avtomobilej/oborudovanie-dlya-ford/ford-vcm-ii-126-kupit;http://electronicsystem.ru/avtoskanery/diagnostika-ford/ford-vcm-ii.html;http://www.carmod.ru/products/avtoskaner_ford_vcm_ii;https://www.mosautolab.ru/catalog/diagnosticheskoe_oborudovanie/avtoskanery/skaner_diagnosticheskiy_dcartool_ford_vcm_ii_v_komplekte_wi_fi_analog.html;http://www.autoset-dv.ru/catalog/dilerskie-avtoskanery/ford-vcm2-ids-dilerskij-professionalnyj;;;http://xdiag.ru/products/vcm-ii;
Дилерский сканер BMW ICOM A+B+C (базовый);http://www.autoscaners.ru/catalogue/?catalogue_id=551;;http://www.vgarazhax.ru/avtoskanery/bmw/icom;http://www.carhealth.ru/diagnostika-legkovykh-avtomobilej/oborudovanie-dlya-bmw/icom-bmw-a-b-c-kupit;http://electronicsystem.ru/avtoskanery/bmw%20icom.html;http://www.carmod.ru/products/diagnosticheskij_kompleks_bmw_icom;https://www.mosautolab.ru/catalog/diagnosticheskoe_oborudovanie/avtoskanery/skaner_diagnosticheskiy_dcartool_bmw_icom_a1_a_b_c_v_komplekte_po_rheingold_analog.html;;;;;
АВТОСКАНЕР BMW ICOM A2+B+C;http://www.autoscaners.ru/catalogue/?catalogue_id=avtoskaner_bmw_icom_a2;;http://www.vgarazhax.ru/avtoskanery/bmw/icom-a2;http://www.carhealth.ru/diagnostika-legkovykh-avtomobilej/oborudovanie-dlya-bmw/icom-bmw-a2-b-c-15-kupit;http://electronicsystem.ru/avtoskanery/diagnostika-bmw/icom-bmw-a2.html;http://www.carmod.ru/products/diagnosticheskij_kompleks_bmw_icom_a2bc;https://www.mosautolab.ru/catalog/diagnosticheskoe_oborudovanie/avtoskanery/skaner_diagnosticheskiy_dcartool_bmw_icom_a2_a_b_c_bez_wi_po_rheingold_bazovyy_komplekt_analog.html;http://www.autoset-dv.ru/catalog/dilerskie-avtoskanery/bmw-icom-a2bc-russkaja-versija;;https://autocheckers.ru/dilerskie-avtoskaneryi-dlya-legkovyih/dil-bmw/bmw-icom-a2bc;http://xdiag.ru/products/icom-a2;
АВТОСКАНЕР BMW ICOM A2+B+C (ПОЛНЫЙ);http://www.autoscaners.ru/catalogue/?catalogue_id=avtoskaner_bmw_icom_a2;;http://www.vgarazhax.ru/avtoskanery/icom-a2;;;;https://www.mosautolab.ru/catalog/diagnosticheskoe_oborudovanie/avtoskanery/skaner_diagnosticheskiy_dcartool_bmw_icom_a2_a_b_c_v_k_te_noutbuk_wi_fi_po_rheingold.html;http://www.autoset-dv.ru/catalog/dilerskie-avtoskanery/bmw-icom-a2;;;;
Дилерский сканер BMW ICOM A+B+C (полный);http://www.autoscaners.ru/catalogue/?catalogue_id=551;;http://www.vgarazhax.ru/avtoskanery/bmw/icom;http://www.carhealth.ru/diagnostika-legkovykh-avtomobilej/oborudovanie-dlya-bmw/icom-bmw-a-b-c-kupit;http://electronicsystem.ru/avtoskanery/bmw%20icom.html;http://www.carmod.ru/products/diagnosticheskij_kompleks_bmw_icom;;;;;;
Диагностический комплекс VAS 5054 (базовый);http://www.autoscaners.ru/catalogue/?catalogue_id=260;http://www.carscanner.ru/skanery-professionalnye/diagnosticheskiy-avtoskaner-vas-5054-a-bluetooth.html;http://www.vgarazhax.ru/avtoskanery/volkswagen/vas-5054a;http://www.carhealth.ru/diagnostika-legkovykh-avtomobilej/oborudovanie-dlya-volkswagen/vas-5054a-kupit;http://electronicsystem.ru/avtoskanery/vag_com/vas-5054a.html;http://www.carmod.ru/products/adapter_vas_5054a;https://www.mosautolab.ru/catalog/diagnosticheskoe_oborudovanie/avtoskanery/skaner_diagnosticheskiy_dcartool_vag_vas_5054a_bluetooth_analog.html;http://www.autoset-dv.ru/catalog/dilerskie-avtoskanery/vas-5054a-rus-bluetooth-uds;;;http://xdiag.ru/products/vas;
Автосканер MongoosePro JLR - диагностика LandRover; Jaguar;;;;;;;;;;;
Диагностический сканер Nissan Consult III Plus;http://www.autoscaners.ru/catalogue/?catalogue_id=diagnosticheskiy_skaner_nissan_consult_iii_plus;;https://www.vgarazhax.ru/avtoskanery/nissan_consult_3_plus_;;http://electronicsystem.ru/avtoskanery/diagnostika-nissan/nissan-consult-plus.html;http://www.carmod.ru/products/_avtoskaner_nissan_consult_3_plus;https://www.mosautolab.ru/catalog/diagnosticheskoe_oborudovanie/avtoskanery/skaner_diagnosticheskiy_dcartool_nissan_consult_iii_plus_bluetooth_analog.html;;;;;
Автосканер Citroen Lexia + Peugeot Planet 2000;http://www.autoscaners.ru/catalogue/?catalogue_id=avtoskaner_citroen_lexia_peugeot_planet_2000;http://www.carscanner.ru/citroen/avtoskaner-citroen-peugeot.html;https://www.vgarazhax.ru/avtoskanery/lexia;http://www.carhealth.ru/diagnostika-legkovykh-avtomobilej/oborudovanie-dlya-citroen/lexia-3-full-diagbox-kupit;http://electronicsystem.ru/avtoskanery/diagnostika-citroen-peugeot/lexia.html;https://www.carmod.ru/products/lexia3;https://www.mosautolab.ru/catalog/diagnosticheskoe_oborudovanie/avtoskanery/skaner_diagnosticheskiy_dcartool_peugeot_citroen_lexia_3_diagbox_v_komplekte_po_analog.html;http://www.autoset-dv.ru/catalog/dilerskie-avtoskanery/lexia-3-adapter-dlja-citroen;;;http://xdiag.ru/products/citroen-lexia;
S1279 интерфейсный модуль для Lexia3/PP2000;http://www.autoscaners.ru/catalogue/?catalogue_id=s1279_interfeysnyy_modul_dlya_lexia3_pp2000;http://www.carscanner.ru/peugeot/adapter-diagnosticheskiy-s1279-module-for-pps2000-lexia-3-citroen-peugeot.html;https://www.vgarazhax.ru/connectors/s-1279-dlya-lexia3;;http://electronicsystem.ru/other-diagnostic-tools/perehodniki/s-1279.html;https://www.carmod.ru/products/adapter_s1279_dlya_lexia3;;http://www.autoset-dv.ru/catalog/dilerskie-avtoskanery/adapter-s1279-dlja-lexia-3;;;;
Автосканер MongoosePro Toyota Techstream MFC2;http://www.autoscaners.ru/catalogue/?catalogue_id=273;;https://www.vgarazhax.ru/avtoskanery/mongoose-pro;;;http://www.carmod.ru/products/mongoosepro_toyota_techstream__dilerskij_avtoskaner_dlya_toyota_i_lexus;https://www.mosautolab.ru/catalog/diagnosticheskoe_oborudovanie/avtoskanery/skaner_diagnosticheskiy_drew_tech_mongoose_pro2_toyota_bez_bluetooth.html;;;;;
Автосканер MongoosePro Toyota Techstream Bluetooth;http://www.autoscaners.ru/catalogue/?catalogue_id=273;;;;;http://www.carmod.ru/products/mongoosepro_toyota_techstream__dilerskij_avtoskaner_dlya_toyota_i_lexus;https://www.mosautolab.ru/catalog/diagnosticheskoe_oborudovanie/avtoskanery/ckaner_diagnosticheskiy_drew_tech_mongoose_pro2_toyota_bluetooth.html;;;;;
Автосканер Toyota Intelligent Tester II;http://www.autoscaners.ru/catalogue/?catalogue_id=avtoskaner_toyota_intelligent_tester_ii;;http://www.vgarazhax.ru/avtoskanery/toyota/denso;http://www.carhealth.ru/diagnostika-legkovykh-avtomobilej/oborudovanie-dlya-toyota-lexus/toyota-intelligent-tester-ii-dst-2-kupit;http://electronicsystem.ru/avtoskanery/diagnostika-suzuki/toyota-denso.html;;;http://www.autoset-dv.ru/catalog/dilerskie-avtoskanery/toyota-intelligent-tester-ii;;;;
Диагностический сканер Mitsubishi MUT III;http://www.autoscaners.ru/catalogue/?catalogue_id=diagnosticheskiy_skaner_mitsubishi_mut_iii;;https://www.vgarazhax.ru/avtoskanery/mut-3;http://www.carhealth.ru/diagnostika-legkovykh-avtomobilej/oborudovanie-dlya-mitsubishi/mut-3-mitsubishi-kupit;http://electronicsystem.ru/avtoskanery/diagnostika-mitsubishi/mitsubishi-mut.html;http://www.carmod.ru/products/avtoskaner_mitsubishi_mut_iii;https://www.mosautolab.ru/catalog/diagnosticheskoe_oborudovanie/avtoskanery/skaner_diagnosticheskiy_dcartool_mitsubishi_mut_iii_analog.html;;;;;
Автосканер Renault CAN CLIP;https://www.autoscaners.ru/catalogue/?catalogue_id=auto_scanner_renault_can_clip&sku=%23sku_avtoskaner_renault_can_clip;http://www.carscanner.ru/renault/diagnosticheskiy-skaner-renault-can-clip.html;http://www.vgarazhax.ru/avtoskanery/renault/can-clip;http://www.carhealth.ru/diagnostika-legkovykh-avtomobilej/oborudovanie-dlya-renault/renault-can-clip-kupit;http://electronicsystem.ru/avtoskanery/diagnostika-renault/renault-can-clip.html;http://www.carmod.ru/products/avtoskaner_renault_can_clip;https://www.mosautolab.ru/catalog/diagnosticheskoe_oborudovanie/avtoskanery/skaner_diagnosticheskiy_dcartool_renault_clip_v_komplekte_po_clip_analog.html;http://www.autoset-dv.ru/catalog/dilerskie-avtoskanery/renault-can-clip;;;;
Автосканер Renault CAN CLIP с функцией программирования;;;https://www.vgarazhax.ru/avtoskanery/can-clip;;;;https://www.mosautolab.ru/catalog/diagnosticheskoe_oborudovanie/avtoskanery/skaner_diagnosticheskiy_dcartool_renault_clip_s_programmirovaniem_analog.html;;;;http://xdiag.ru/products/renault;
Диагностический сканер Volvo DiCE;http://www.autoscaners.ru/catalogue/?catalogue_id=157;http://www.carscanner.ru/volvo/diagnosticheskiy-skaner-volvo-dice.html;http://www.vgarazhax.ru/avtoskanery/volvo/vida-dice;http://www.carhealth.ru/diagnostika-legkovykh-avtomobilej/oborudovanie-dlya-volvo/volvo-dice-vida-kupit;http://electronicsystem.ru/avtoskanery/diagnostika-volvo/volvo-vida.html;http://www.carmod.ru/products/adapter_volvo_vida_dice;https://www.mosautolab.ru/catalog/diagnosticheskoe_oborudovanie/avtoskanery/skaner_diagnosticheskiy_dcartool_volvo_dice_analog.html;http://www.autoset-dv.ru/catalog/dilerskie-avtoskanery/volvo-vida-dice;;;;
Диагностический сканер Subaru Select Monitor III;http://www.autoscaners.ru/catalogue/?catalogue_id=diagnosticheskiy_skaner_subaru_select_monitor_iii;;http://www.vgarazhax.ru/avtoskanery/subaru/subaru-ssm-iii-pribaltika;;http://electronicsystem.ru/avtoskanery/diagnostika-subaru/subaru-select-monitor-iii.html;http://www.carmod.ru/products/avtoskaner_subaru_select_monitor_iii;http://www.mosautolab.ru/catalog/diagnosticheskoe_oborudovanie/avtoskanery/skaner_diagnosticheskiy_oem_subaru_select_monitor_iii.html;;;;;
Дилерский сканер GDS VCI Kia & Hyundai  (не оригинал);http://www.autoscaners.ru/catalogue/?catalogue_id=avtoskaner_hyundai_kia_gds_vci;;http://www.vgarazhax.ru/avtoskanery/kia/gds-vci-hyundai-kia;http://www.carhealth.ru/diagnostika-legkovykh-avtomobilej/oborudovanie-dlya-kia/hyundai-kia-gds-vci-kupit;http://electronicsystem.ru/avtoskanery/diagnostika-hyundai/kia-hyundai-gds-vci.html;http://www.carmod.ru/products/hyundai__kia_gds_vci;https://www.mosautolab.ru/catalog/diagnosticheskoe_oborudovanie/avtoskanery/skaner_diagnosticheskiy_dcartool_hyundai_kia_gds_vci_analog.html;;;;;
;;;;;;;;;;;;
;;;;;;;;;;;;
;;;;;;;;;;;;
ДИЛЕРСКИЕ ГРУЗОВЫЕ;;;;;;;;;;;;
Caterpillar adapter 3;http://www.autoscaners.ru/catalogue/?catalogue_id=caterpillar_adapter_3;;http://www.vgarazhax.ru/avtoskanery-gruzovye/caterpillar/caterpillar-adapter-3;;http://electronicsystem.ru/truck-scanners/caterpillar-diagnostic.html;http://www.carmod.ru/products/dilerskij_avtoskaner_caterpillar_iii;;;;;;
MAN T200 - дилерский автосканер для техники MAN;http://www.autoscaners.ru/catalogue/?catalogue_id=man_t200_dilerskiy_avtoskaner_dlya_tekhniki_man;;http://www.vgarazhax.ru/avtoskanery-gruzovye/man/man-cats-t200;;http://electronicsystem.ru/truck-scanners/man-t200%20.html;http://www.carmod.ru/products/man_cats_t200s_dilerskij_skaner_dlya_gruzovyh_avtomobilej_i_avtobusov;https://www.mosautolab.ru/catalog/diagnosticheskoe_oborudovanie/avtoskanery/skaner_diagnosticheskiy_oem_man_t200_s_po_original.html;;;;;https://www.diagnosticks.ru/product-page/%D1%81%D0%BA%D0%B0%D0%BD%D0%B5%D1%80-man-cats-t200
АВТОСКАНЕР MAN CATS II;http://www.autoscaners.ru/catalogue/?catalogue_id=167;;https://www.vgarazhax.ru/avtoskanery-gruzovye/man-cats-ii;;http://electronicsystem.ru/truck-scanners/man-cats.html;http://www.carmod.ru/products/man_cats_ii;;;;;;
Cummins Inline 6 - сканер для всех двигателей марки Cummins;http://www.autoscaners.ru/catalogue/?catalogue_id=cummins_inline_6_skaner_dlya_vsekh_dvigateley_marki_cummins;;http://www.vgarazhax.ru/avtoskanery-gruzovye/cummins/cummins-inline-6;;http://electronicsystem.ru/truck-scanners/cummins-inline-6.html;http://www.carmod.ru/products/cummins_inline_6s_professionalnyj_diagnosticheskij_skaner;https://www.mosautolab.ru/catalog/diagnosticheskoe_oborudovanie/avtoskanery/skaner_diagnosticheskiy_oem_cummins_inline_6_bazovyy_komplekt_original.html;;;;;
Автосканер Cummins Inline 5;http://www.autoscaners.ru/catalogue/?catalogue_id=avtoskaner_cumimns_inline_5;http://www.carscanner.ru/vaz-gaz-uaz-izh/index.php?option=com_virtuemart&page=shop.product_details&product_id=673&flypage=flypage-ask.tpl&category_id=376;http://www.vgarazhax.ru/avtoskanery-gruzovye/cummins/cummins-inline-5;http://www.carhealth.ru/diagnostika-gruzovykh-avtomobilej/cummins-inline-kupit;http://electronicsystem.ru/truck-scanners/cummins-inline.html;http://www.carmod.ru/products/cummins_inline_5;;;;;;
Диагностический сканер Scania VCI 2;http://www.autoscaners.ru/catalogue/?catalogue_id=diagnosticheskiy_skaner_scania_vci_2;;http://www.vgarazhax.ru/avtoskanery-gruzovye/scania/scania-vci-2-pribaltika;;http://electronicsystem.ru/truck-scanners/scania-vci.html;http://www.carmod.ru/products/scania_vci_2;https://www.mosautolab.ru/catalog/diagnosticheskoe_oborudovanie/avtoskanery/skaner_diagnosticheskiy_dcartool_scania_vci_ii_po_sdp3_analog.html;;;;;
Автосканер ДК 5 — диагностика МАЗ; ЛиАЗ ;КамАЗ;КрАЗ;;;http://www.vgarazhax.ru/avtoskanery-gruzovye/kamaz/autoscanner-dk5;;;;;;
Диагностический сканер Nexiq USB Link ( оригинал );http://www.autoscaners.ru/catalogue/?catalogue_id=650;http://www.carscanner.ru/dilerskie-scania-cummins-nexiq/nexiq-usb-link-komplekt.html;http://www.vgarazhax.ru/avtoskanery-gruzovye/nexiq;http://www.carhealth.ru/diagnostika-gruzovykh-avtomobilej/nexiq-usb-link-125032-kupit;http://electronicsystem.ru/truck-scanners/nexiq-usb-link.html;http://www.carmod.ru/products/diagnosticheskij_skaner_nexiq_usb_link;;;;;;
Автосканер Volvo Interface 88890020;http://www.autoscaners.ru/catalogue/?catalogue_id=avtoskaner_volvo_interface_88890020;http://www.carscanner.ru/vaz-gaz-uaz-izh/index.php?option=com_virtuemart&page=shop.product_details&product_id=1580&flypage=flypage-ask.tpl&category_id=70;http://www.vgarazhax.ru/avtoskanery/volvo/volvo-88890020-pribaltika;;;http://www.carmod.ru/products/volvo_interface_88890020s_diagnosticheskij_interfejs_dlya_gruzovyh_avtomobilej_avtobusov_i_spetstehniki;https://www.mosautolab.ru/catalog/diagnosticheskoe_oborudovanie/avtoskanery/skaner_diagnosticheskiy_dcartool_vocom_88890300_dlya_kommercheskoy_tekhniki_volvo_bazovyy.html;;;;;
Диагностический сканер Iveco Easy;http://www.autoscaners.ru/catalogue/?catalogue_id=diagnosticheskiy_skaner_iveco_easy;;http://www.vgarazhax.ru/avtoskanery-gruzovye/iveco/easy-eltrac;;http://electronicsystem.ru/truck-scanners/iveco-easy-eltrac.html;https://www.carmod.ru/products/iveco_eltrac_eci__dilerskij_skaner_dlya_iveco;;;;;;
Автосканер DAF DAVIE XDc II;https://www.autoscaners.ru/catalogue/?catalogue_id=scan_tool_daf_davie_xdc_ii&sku=%23sku_avtoskaner_daf_davie_xdc_ii;;http://www.vgarazhax.ru/avtoskanery-gruzovye/daf/daff-davie-xdc-ii;;http://electronicsystem.ru/truck-scanners/daf-davie-xdc-ii.html;http://www.carmod.ru/products/daf_vci560_mux_davie_xdcii__diagnosticheskij_skaner_dlya_gruzovikov_daf;;;;;;
ДИАГНОСТИЧЕСКИЙ СКАНЕР DPA 5 DUAL-CAN (НЕ ОРИГИНАЛ) БЕЗ BLUETОOTH;https://www.autoscaners.ru/catalogue/?catalogue_id=diagnostic_scanner_dpa_5_dual_can_not_the_original&sku=%23sku_diagnosticheskiy_skaner_dpa_5_dual_can_ne_original_bez_bluetooth;;https://www.vgarazhax.ru/avtoskanery-gruzovye/dpa-5-bluetooth-plc-testcon-kit;;http://electronicsystem.ru/truck-scanners/dpa5-dual-can-full.html;;;http://www.autoset-dv.ru/catalog/avtoskanery-dlja-gruzovih-avtomobiley/dpa-5-dual-can-avtoskaner;;;;
Диагностический сканер DPA 5 Dual-CAN (оригинал);http://www.autoscaners.ru/catalogue/?catalogue_id=diagnosticheskiy_skaner_dpa_5_dual_can_original;http://www.carscanner.ru/dlya-gruzovyh-a/m/dpa-5-dual-can-diagnosticheskiy-skaner-dlya-gruzovoy-tehniki.html;https://www.vgarazhax.ru/avtoskanery-gruzovye/dpa-5-bluetooth-plc-testcon-kit;;;http://www.carmod.ru/products/dpa5_truck_diagnostic_adapter__diagnosticheskij_skaner_dlya_gruzovoj_tehniki;;http://www.autoset-dv.ru/catalog/avtoskanery-dlja-gruzovih-avtomobiley/dpa-5-dual-can-avtoskaner;;;;
Диагностический сканер Scania VCI 1;http://www.autoscaners.ru/catalogue/?catalogue_id=diagnosticheskiy_skaner_scania_vci_1;;http://www.vgarazhax.ru/avtoskanery-gruzovye/scania/scania-vci-1;;http://electronicsystem.ru/truck-scanners/scania-vci-1.html;http://www.carmod.ru/products/scania_vci_1;;;;;;
ДИАГНОСТИЧЕСКИЙ СКАНЕР SCANIA VCI 3;https://www.autoscaners.ru/catalogue/?catalogue_id=diagnosticheskiy_skaner_scania_vci_3;;https://www.vgarazhax.ru/avtoskanery-gruzovye/scania-vci-3;;http://electronicsystem.ru/truck-scanners/scania/scania-vci3.html;http://www.carmod.ru/products/scania_vci_3s_professionalnyj_skaner_dlya_scania;https://www.mosautolab.ru/catalog/diagnosticheskoe_oborudovanie/avtoskanery/skaner_diagnosticheskiy_dcartool_scania_vci_iii_po_sdp3_2_32_analog.html;;;;;https://www.diagnosticks.ru/product-page/scania-vci-3
;;;;;;;;;;;;
;;;;;;;;;;;;
;;;;;;;;;;;;
ПРОГРАММАТОРЫ;;;;;;;;;;;;
ПАК Загрузчик v3 (CombiLoader) - считывание и обновление прошивок для контроллеров ЭБУ;http://www.autoscaners.ru/catalogue/?catalogue_id=pak_zagruzchik_v3_combiloader_schityvanie_i_obnovlenie_proshivok_dlya_kontrollerov_ebu;;;;;http://www.carmod.ru/products/pak_zagruzchik_v3_combiloader;https://www.mosautolab.ru/catalog/diagnosticheskoe_oborudovanie/odometry_klyuchi_i_airbag/programmator_ecu_sms_software_pak_zagruzchik_v3_bazovyy_komplekt.html;;;;;
SuperOBD SKP-900 - Программатор автоключей;http://www.autoscaners.ru/catalogue/?catalogue_id=superobd_skp_900_programmator_avtoklyuchey;;https://www.vgarazhax.ru/programmirovanie-kljuchej/super-obd-skp-900;;http://electronicsystem.ru/other-diagnostic-tools/programmirovanie-kljuchej/superobd-skp-900.html;http://www.carmod.ru/products/programmator_klyuchej_superobd_skp900;;http://www.autoset-dv.ru/catalog/programmatory/programmator-kljuchej-superobd-skp-900;;;;
UPA USB 1.3 - универсальный программатор микросхем;http://www.autoscaners.ru/catalogue/?catalogue_id=upa_usb_universalnyy_programmator_mikroskhem;http://www.carscanner.ru/volvo/index.php?option=com_virtuemart&page=shop.product_details&product_id=581&flypage=flypage-ask.tpl&category_id=226;https://www.vgarazhax.ru/dop-oborudovanie/programmatory/universalnyj-programmator-upa-usb-v-1-3-2014-polnyj-komplekt;https://www.carhealth.ru/component/virtuemart/?keyword=upa&limitstart=0&option=com_virtuemart&view=category&virtuemart_category_id=0;http://electronicsystem.ru/other-diagnostic-tools/programmatory/upa-usb.html;https://www.carmod.ru/products/programmator_upa_usb_programmer_polnaya_versiya;;;;;;
XPROG-m V 5.5 - профессиональный универсальный программатор;http://www.autoscaners.ru/catalogue/?catalogue_id=xprog_m_v_5_5_professionalnyy_universalnyy_programmator;http://www.carscanner.ru/korrektirovka-odometrov/programmator-xprog-m-v.5.51.html;https://www.vgarazhax.ru/dop-oborudovanie/programmatory/x-prog-m-v-5-0;https://www.carhealth.ru/component/virtuemart/?keyword=xprog&limitstart=0&option=com_virtuemart&view=category&virtuemart_category_id=0;http://electronicsystem.ru/other-diagnostic-tools/korrektirovka-probega/xprog.html;http://www.carmod.ru/products/xprogm_v555s_professionalnyj_universalnyj_programmator;;;;;;
Чип-тюнинг BDM 100;http://www.autoscaners.ru/catalogue/?catalogue_id=chip_tyuning_bdm_100;http://www.carscanner.ru/chip-tyuning-programmatory/programmator-bdm100.html;http://www.vgarazhax.ru/dop-oborudovanie/chip-tuning/bdm-100-v1255;https://www.carhealth.ru/katalog-tovarov/bdm100-chip-tuning-tools;http://electronicsystem.ru/other-diagnostic-tools/chip-tuning-ecu/bdm-100.html;http://www.carmod.ru/products/programmator_bdm_100;;;;;;
ПРОГРАММАТОР FGTECH GALLETTO 4 MASTER V54;https://www.autoscaners.ru/catalogue/?catalogue_id=programmator_fgtech_galletto_4_master_v54;http://www.carscanner.ru/chip-tyuning-programmatory/programmator-%7C-fgtech-galletto-4.html;https://www.vgarazhax.ru/chip-tuning/fgtech-galletto-2-master;;http://electronicsystem.ru/other-diagnostic-tools/chip-tuning-ecu/fgtech-galletto2-master.html;https://www.carmod.ru/products/galletto_2_v54;;;;;;
K-TAG Master - Универсальный программатор ЭБУ;http://www.autoscaners.ru/catalogue/?catalogue_id=k_tag_master_universalnyy_programmator_ebu;http://www.carscanner.ru/chip-tyuning-programmatory/programmator-k-tag-master-fw-7.020-v2.23.html;http://www.vgarazhax.ru/dop-oborudovanie/chip-tuning/k-tag-master;https://www.carhealth.ru/katalog-tovarov/k-tag-master-%D1%83%D0%BD%D0%B8%D0%B2%D0%B5%D1%80%D1%81%D0%B0%D0%BB%D1%8C%D0%BD%D1%8B%D0%B9-%D0%BF%D1%80%D0%BE%D0%B3%D1%80%D0%B0%D0%BC%D0%BC%D0%B0%D1%82%D0%BE%D1%80-ecu;http://electronicsystem.ru/other-diagnostic-tools/chip-tuning-ecu/k-tag.html;http://www.carmod.ru/products/programmator_ktag_ecu_programming_tool;;;;;;
;;;;;;;;;;;;
;;;;;;;;;;;;
;;;;;;;;;;;;
КОРРЕКТИРОВКА ОДОМЕТРОВ;;;;;;;;;;;;
Ford KM Tool - корректировка одометров FORD;http://www.autoscaners.ru/catalogue/?catalogue_id=ford_km_tool_korrektirovka_odometrov_ford;http://www.carscanner.ru/chip-tyuning-programmatory/index.php?option=com_virtuemart&page=shop.product_details&product_id=533&flypage=flypage-ask.tpl&category_id=61;https://www.vgarazhax.ru/dop-oborudovanie/programmatory/opel-km-tool;;http://electronicsystem.ru/other-diagnostic-tools/korrektirovka-probega/ford-km-tool.html;http://www.carmod.ru/products/ford_km_tool;;http://www.autoset-dv.ru/catalog/pribory-dlja-odometrov/avtoadapter-ford-km-tool-dlja;;;;
OPEL EDC16 KM TOOL - Корректировка одометров Opel;http://www.autoscaners.ru/catalogue/?catalogue_id=opel_edc16_km_tool_korrektirovka_odometrov_opel;http://www.carscanner.ru/chip-tyuning-programmatory/index.php?option=com_virtuemart&page=shop.product_details&product_id=546&flypage=flypage-ask.tpl&category_id=66;;;http://electronicsystem.ru/other-diagnostic-tools/korrektirovka-probega/opel-km-tool.html;https://www.carmod.ru/products/opel_edc16_km_tool__adapter_dlya_korrektirovki_odometrov;;;;;;
Fiat CAN 1.5 - коррекция одометеров Fiat;http://www.autoscaners.ru/catalogue/?catalogue_id=fiat_can_1_5_korrektsiya_odometerov_fiat;http://www.carscanner.ru/chip-tyuning-programmatory/index.php?option=com_virtuemart&page=shop.product_details&product_id=532&flypage=flypage-ask.tpl&category_id=236;https://www.vgarazhax.ru/dop-oborudovanie/programmatory/fiat-km-tool;;;;;;;;;
Digiprog 3 - коррекция одометров;http://www.autoscaners.ru/catalogue/?catalogue_id=digiprog_3_korrektsiya_odometrov#tab_home;http://www.carscanner.ru/korrektirovka-odometrov/digiprog-3.html;http://www.vgarazhax.ru/korrektirovka-probega/digiprog-3;http://www.carhealth.ru/korrektirovka-odometrov/digiprog-3-127-kupit;http://electronicsystem.ru/other-diagnostic-tools/korrektirovka-probega/digiprog3.html;http://www.carmod.ru/products/korrektor_odometrov_digiprog_3_polnyj_komplekt;;http://www.autoset-dv.ru/catalog/pribory-dlja-odometrov/digiprog-3-full-programmator-dlja;;;;
UPA USB 1.3 - УНИВЕРСАЛЬНЫЙ ПРОГРАММАТОР МИКРОСХЕМ;http://www.autoscaners.ru/catalogue/?catalogue_id=upa_usb_universalnyy_programmator_mikroskhem;;https://www.vgarazhax.ru/dop-oborudovanie/programmatory/universalnyj-programmator-upa-usb-v-1-3-2014-polnyj-komplekt;https://www.carhealth.ru/katalog-tovarov/upa-usb-serial-programmer-uusp-1-3;http://electronicsystem.ru/other-diagnostic-tools/programmatory/upa-usb.html;http://www.carmod.ru/products/programmator_upa_usb_programmer_polnaya_versiya;;;;;;
;;;;;;;;;;;;
;;;;;;;;;;;;
;;;;;;;;;;;;
iCarsoft;;;;;;;;;;;;
iCarsoft i610 - Автосканер OBDII/WIFI;http://www.autoscaners.ru/catalogue/?catalogue_id=icarsoft_i610_avtoskaner_obdii_wifi;;;;;http://www.carmod.ru/products/icarsoft_wifi_tool_i610s_besprovodnoj_wifi_adapter_dlya_diagnostiki_avtomobilya_osnaschennogo_odbii_razemom;;;;;;
iCarsoft i980 - Автосканер Mercedes Benz;http://www.autoscaners.ru/catalogue/?catalogue_id=icarsoft_i980_avtoskaner_mercedes_benz;http://www.carscanner.ru/mercedes-benz/portativnyy-diagnosticheskiy-skaner-icarsoft-i980-dlya-avtomobiley-mercedes-benz-i-obd-ii.html;http://www.vgarazhax.ru/avtoskanery/mercedes-benz/icarsoft-i980-skaner-dlya-mercedes-benz;;http://electronicsystem.ru/avtoskanery/diagnostika-mercedes-benz/icarsoft-i980.html;http://www.carmod.ru/products/icarsoft_scanner_i980s_portativnyj_diagnosticheskij_skaner_dlya_avtomobilej_mercedes;;http://www.autoset-dv.ru/catalog/dilerskie-avtoskanery/icarsoft-i980-avtoskaner-dlja-mercedes;;;;
iCarsoft i930 - Автосканер Land Rover;http://www.autoscaners.ru/catalogue/?catalogue_id=icarsoft_i930_avtoskaner_land_rover;;http://www.vgarazhax.ru/avtoskanery/land-rover/icarsoft-i930;;http://electronicsystem.ru/avtoskanery/diagnostika-land%20rover-jaguar/icarsoft-i930.html;http://www.carmod.ru/products/professionalnyj_diagnosticheskij_skaner_icarsoft_i930_dlya_landrover;;http://www.autoset-dv.ru/catalog/dilerskie-avtoskanery/icarsoft-i930-avtoskaner-dlja-land;;;;
iCarsoft i960 - Автосканер Porsche;http://www.autoscaners.ru/catalogue/?catalogue_id=icarsoft_i960_avtoskaner_porsche;;http://www.vgarazhax.ru/avtoskanery/porsche/icarsoft-i960;;http://electronicsystem.ru/avtoskanery/diagnostika-porsche/icarsoft-i960.html;http://www.carmod.ru/products/icarsoft_i960_dlya_porsche__professionalnyj_diagnosticheskij_avtoskaner;;http://www.autoset-dv.ru/catalog/dilerskie-avtoskanery/icarsoft-i960-avtoskaner-dlja-porsche;;;;
iCarsoft i906 - Автосканер Volvo;http://www.autoscaners.ru/catalogue/?catalogue_id=icarsoft_i906_avtoskaner_volvo;;http://www.vgarazhax.ru/avtoskanery/volvo/icarsoft-i906-skaner-dlya-volvo;;;http://www.carmod.ru/products/icarsoft_scanner_i906s_professionalnyj_diagnosticheskij_skaner_dlya_obsluzhivaniya_avtomobilej_volvo;;http://www.autoset-dv.ru/catalog/dilerskie-avtoskanery/icarsoft-i906-avtoskaner-dlja-volvo;;;;
iCarsoft i908 - Автосканер VW;http://www.autoscaners.ru/catalogue/?catalogue_id=icarsoft_i908_avtoskaner_vw;http://www.carscanner.ru/portativnye-skanery/portativnyy-diagnosticheskiy-skaner-icarsoft-i908-dlya-avtomobiley-audi-vw-seat-skoda-i-obd-ii.html;http://www.vgarazhax.ru/avtoskanery/volkswagen/icarsoft-i908;;;http://www.carmod.ru/products/icarsoft_scanner_i908_diagnosticheskij_skaner_dlya_audi_vw_seat_i_skoda_;;http://www.autoset-dv.ru/catalog/dilerskie-avtoskanery/icarsoft-i908-avtoskaner-dlja-vw;;;;
iCarsoft i902 - Автосканер Opel;http://www.autoscaners.ru/catalogue/?catalogue_id=icarsoft_i902_avtoskaner_opel;http://www.carscanner.ru/opel/portativnyy-diagnosticheskiy-skaner-icarsoft-i902-dlya-avtomobiley-opel-i-obd-ii.html;http://www.vgarazhax.ru/avtoskanery/opel/icarsoft-i902;;;http://www.carmod.ru/products/icarsoft_scanner_i902s_diagnosticheskij_skaner_dlya_obsluzhivaniya_avtomobilej_opel;;http://www.autoset-dv.ru/catalog/dilerskie-avtoskanery/icarsoft-i902-avtoskaner-dlja-opel;;;;
iCarsoft i990 - Автосканер Honda/Acura;http://www.autoscaners.ru/catalogue/?catalogue_id=icarsoft_i990_avtoskaner_honda_acura;;http://www.vgarazhax.ru/avtoskanery/honda/icarsoft-i990;;;http://www.carmod.ru/products/icarsoft_scanner_i990s_diagnosticheskij_skaner_dlya_avtomobilej_honda_i_acura_;;http://www.autoset-dv.ru/catalog/dilerskie-avtoskanery/icarsoft-i990-avtoskaner-dlja-honda;;;;
iCarsoft i910 - Автосканер BMW/Mini;http://www.autoscaners.ru/catalogue/?catalogue_id=icarsoft_i910_avtoskaner_bmw_mini;;http://www.vgarazhax.ru/avtoskanery/bmw/icarsoft-i910;;;http://www.carmod.ru/products/icarsoft_scanner_i910s_universalnyj_diagnosticheskij_skaner_dlya_avtomobilej_bmw;;http://www.autoset-dv.ru/catalog/dilerskie-avtoskanery/icarsoft-i910-avtoskaner-dlja-bmw;;;;
iCarsoft i920 - Автосканер Ford/Holden;http://www.autoscaners.ru/catalogue/?catalogue_id=icarsoft_i920_avtoskaner_ford_holden;http://www.carscanner.ru/ford-mazda/avtoskaner-ford-icarsoft-i920.html;http://www.vgarazhax.ru/avtoskanery/ford/icarsoft-i920;;;http://www.carmod.ru/products/icarsoft_scanner_i920s_diagnosticheskij_skaner_dlya_avtomobilej_ford_i_holden;;http://www.autoset-dv.ru/catalog/dilerskie-avtoskanery/icarsoft-i920-avtoskaner-dlja-ford;;;;
iCarsoft i905 - Автосканер Toyota;http://www.autoscaners.ru/catalogue/?catalogue_id=icarsoft_i905_avtoskaner_toyota;http://www.carscanner.ru/ford-mazda/index.php?option=com_virtuemart&page=shop.product_details&product_id=2314&flypage=flypage-ask.tpl&category_id=63;http://www.vgarazhax.ru/avtoskanery/toyota/icarsoft-i905;;;http://www.carmod.ru/products/icarsoft_scanner_i905s_universalnyj_skaner_dlya_diagnostiki_avtomobilej_toyota;;http://www.autoset-dv.ru/catalog/dilerskie-avtoskanery/icarsoft-i905-avtoskaner-dlja-toyota;;;;
iCarsoft i900 - Автосканер GM;http://www.autoscaners.ru/catalogue/?catalogue_id=icarsoft_i900_avtoskaner_gm;http://www.carscanner.ru/portativnye-skanery/portativnyy-skaner-avtomobiley-kontserna-gm-icarsoft-i900.html;http://www.vgarazhax.ru/avtoskanery/gm/icarsoft-i900;;;http://www.carmod.ru/products/icarsoft_scanner_i900s_diagnosticheskij_skaner_dlya_avtomobilej_kontserna_gm;;http://www.autoset-dv.ru/catalog/dilerskie-avtoskanery/icarsoft-i900-avtoskaner-dlja-gm;;;;
iCarsoft i970 - Автосканер Peugeot/Citroen;http://www.autoscaners.ru/catalogue/?catalogue_id=icarsoft_i970_avtoskaner_peugeot_citroen;http://www.carscanner.ru/citroen/portativnyy-diagnosticheskiy-skaner-icarsoft-i970-dlya-avtomobiley-peugeot-citroen-i-obd-ii.html;http://www.vgarazhax.ru/avtoskanery/citroen/icarsoft-i970;;;http://www.carmod.ru/products/icarsoft_scanner_i970s_diagnosticheskij_skaner_dlya_avtomobilej_marok_peugeot_i_citroen;;http://www.autoset-dv.ru/catalog/dilerskie-avtoskanery/icarsoft-i970-avtoskaner-dlja-peugeot;;;;
iCarsoft i907 - Автосканер Renault;http://www.autoscaners.ru/catalogue/?catalogue_id=icarsoft_i907_avtoskaner_renault;http://www.carscanner.ru/ford-mazda/index.php?option=com_virtuemart&page=shop.product_details&product_id=1582&flypage=flypage-ask.tpl&category_id=69;http://www.vgarazhax.ru/avtoskanery/renault/icarsoft-i907;;;http://www.carmod.ru/products/icarsoft_i907_dlya_renault__professionalnyj_multisistemnyj_skaner;;http://www.autoset-dv.ru/catalog/dilerskie-avtoskanery/icarsoft-i907-avtoskaner-dlja-renault;;;;
iCarsoft i903 - Автосканер Nissan/Infiniti/Subaru;http://www.autoscaners.ru/catalogue/?catalogue_id=icarsoft_i903_avtoskaner_nissan_infiniti_subaru;http://www.carscanner.ru/bmw/k%20dcan-usb-s-pereklyuchatelem-diagnosticheskiy-adapter-dlya-a/index.php?option=com_virtuemart&page=shop.product_details&product_id=2316&flypage=flypage-ask.tpl&category_id=65;http://www.vgarazhax.ru/avtoskanery/nissan/icarsoft-i903;;;http://www.carmod.ru/products/icarsoft_scanner_i903s_icarsoft_scanner_i903s_diagnosticheskij_skaner_dlya_avtomobilej_nissan_infiniti_i_subaru_;;http://www.autoset-dv.ru/catalog/dilerskie-avtoskanery/icarsoft-i903-avtoskaner-dlja-nissan;;;;
iCarsoft i909 - Автосканер Mitsubishi/Mazda;http://www.autoscaners.ru/catalogue/?catalogue_id=icarsoft_i909_avtoskaner_mitsubishi_mazda;http://www.carscanner.ru/bmw/k%20dcan-usb-s-pereklyuchatelem-diagnosticheskiy-adapter-dlya-a/index.php?option=com_virtuemart&page=shop.product_details&product_id=2315&flypage=flypage-ask.tpl&category_id=61;http://www.vgarazhax.ru/avtoskanery/mitsubishi/icarsoft-i909;;;http://www.carmod.ru/products/icarsoft_scanner_i909s_diagnosticheskij_skaner_dlya_avtomobilej_mitsubishi_i_mazda;;http://www.autoset-dv.ru/catalog/dilerskie-avtoskanery/icarsoft-i909-avtoskaner-dlja-mitsubishi;;;;
iCarsoft i810 - Автосканер OBDII/EOBD;http://www.autoscaners.ru/catalogue/?catalogue_id=icarsoft_i810_avtoskaner_obdii_eobd;;;;;http://www.carmod.ru/products/icarsoft_i810s_universalnyj_diagnosticheskij_skaner;;http://www.autoset-dv.ru/catalog/multimarochnye-avtoskanery/icarsoft-i810-avtoskaner-obdii-eobd;;;;
iCarsoft i610 - Автосканер OBDII/WIFI;http://www.autoscaners.ru/catalogue/?catalogue_id=icarsoft_i610_avtoskaner_obdii_wifi;;;;;http://www.carmod.ru/products/icarsoft_wifi_tool_i610s_besprovodnoj_wifi_adapter_dlya_diagnostiki_avtomobilya_osnaschennogo_odbii_razemom;;;;;;
iCarsoft i620 - Автосканер OBDII/Bluetooth;http://www.autoscaners.ru/catalogue/?catalogue_id=icarsoft_i620_avtoskaner_obdii_bluetooth;;;;;http://www.carmod.ru/products/icarsoft_bluetooth_tool_i620s_diagnosticheskij_besprovodnoj_bluetooth_adapter;;;;;;
;;;;;;;;;;;;
;;;;;;;;;;;;
;;;;;;;;;;;;
АДАПТЕРЫ;;;;;;;;;;;;
Автосканер ELM327 BlueTooth;http://www.autoscaners.ru/catalogue/?catalogue_id=avtoskaner_elm327_bluetooth;http://www.carscanner.ru/citroen/index.php?option=com_virtuemart&page=shop.product_details&product_id=272&flypage=flypage-ask.tpl&category_id=155;http://www.vgarazhax.ru/dop-oborudovanie/skanery-oshibok/elm327-bluetooth;http://www.carhealth.ru/universalnoe-oborudovanie/multimarochnyj-adapter-elm327-bluetooth-kupit;http://electronicsystem.ru/other-diagnostic-tools/autoscanners-obd2/elm327-bluetooth.html;http://www.carmod.ru/products/obdii_adapter_elm327_bluetooth;;http://www.autoset-dv.ru/catalog/multimarochnye-avtoskanery/elm327-bluetooth-vgate-adapter-dlja;;;;
Адаптер KKL USB;http://www.autoscaners.ru/catalogue/?catalogue_id=adapter_kkl_usb;https://www.carscanner.ru/audi/diagnosticheskiy-adapter-2k-line-usb-kk-line.html?keyword=kkl;http://www.vgarazhax.ru/avtoskanery/volkswagen/usb-kkl-vag-com-409-1;https://www.carhealth.ru/katalog-tovarov/k-line-usb-kkl;http://electronicsystem.ru/avtoskanery/vag_com/vag-com-409.html;http://www.carmod.ru/products/kabel_vagcom_4091_kkl_usb;;;;;;
Автосканер ELM327 WIFI;http://www.autoscaners.ru/catalogue/?catalogue_id=avtoskaner_elm327_wifi;http://www.carscanner.ru/fiat/elm327-usb-diagnosticheskiy-adapter.html;;;http://electronicsystem.ru/other-diagnostic-tools/autoscanners-obd2/elm327-wifi.html;http://www.carmod.ru/products/obdii_adapter_elm327_wifi;;;;;;
Автосканер ELM327 USB;http://www.autoscaners.ru/catalogue/?catalogue_id=avtoskaner_elm327_usb;https://www.carscanner.ru/audi/index.php?option=com_virtuemart&page=shop.product_details&product_id=4587&flypage=flypage-ask.tpl&category_id=238;http://www.vgarazhax.ru/dop-oborudovanie/skanery-oshibok/elm327-usb;http://www.carhealth.ru/universalnoe-oborudovanie/universalnyj-skaner-elm327-usb-kupit;http://electronicsystem.ru/other-diagnostic-tools/autoscanners-obd2/elm327-usb.html;http://www.carmod.ru/products/obdii_adapter_elm327_usb;;http://www.autoset-dv.ru/catalog/multimarochnye-avtoskanery/elm327-usb;;;;
Автосканер Opel Com;http://www.autoscaners.ru/catalogue/?catalogue_id=avtoskaner_opel_com;http://www.carscanner.ru/diagnosticheskie-adaptery/diagnosticheskiy-adapter-op-com-v1.64.html?keyword=Opel+Com;;http://www.carhealth.ru/diagnostika-legkovykh-avtomobilej/oborudovanie-dlya-opel/op-com-opel-rus-kupit;;http://www.carmod.ru/products/adapter_opcom_opel;;http://www.autoset-dv.ru/catalog/dilerskie-avtoskanery/op-com-opel-can-bus;;;;
;;;;;;;;;;;;
;;;;;;;;;;;;
;;;;;;;;;;;;
ПРОЧЕЕ;;;;;;;;;;;;
USB Autoscope IV - USB Осциллограф Постоловского (полная комплектация);http://www.autoscaners.ru/catalogue/?catalogue_id=usb_autoscope_iv_usb_ostsillograf_postolovskogo_polnaya_komplektatsiya;https://www.carscanner.ru/motor-testery-ostsillografy/ostsillograf-postolovskogo-4-%7C-usb-autoscope-iv-polnyy-komplekt.html;http://www.vgarazhax.ru/dop-oborudovanie/motor-testery-oscillografy/oscillograf-autoscope-iv;;;https://www.carmod.ru/products/usb-autoscope-iv-usb-ostsillograf-postolovskogo-polnaya-komplektatsiya;http://www.mosautolab.ru/catalog/diagnosticheskoe_oborudovanie/motor_testery_i_ostsillografy/motor_tester_usb_autoscope_iv_polnyy_komplekt.html;;;;;
MV400 - видеоэндоскоп с возможнотью записи видео; диаметр головки 5.5 мм;;;;;;;;html;;;
MV208 - Видеоэндоскоп автомобильный;http://www.autoscaners.ru/catalogue/?catalogue_id=mv208_videoendoskop_avtomobilnyy;;http://www.vgarazhax.ru/izmeritelnoe-oborudovanie/videojendoskopy/maxivideo-mv208;;;http://www.carmod.ru/products/endoskop_autel_maxivideo_mv208;http://www.mosautolab.ru/catalog/diagnosticheskoe_oborudovanie/endoskopy_i_stetoskopy/videoendoskop_autel_maxivideo_mv208_8_5_mm_2_4_320x240_tft_lcd_640_480.html;;;;;
Launch CNC 602 - Установка для тестирования и очистки форсунок;http://www.autoscaners.ru/catalogue/?catalogue_id=launch_cnc_602_ustanovka_dlya_testirovaniya_i_ochistki_forsunok;;http://www.vgarazhax.ru/garazhnoe-oborudovanie/cnc-602-a;;;http://www.carmod.ru/products/launch_cnc_602a__stend_dlya_testirovaniya_i_ochistki_forsunok;https://www.mosautolab.ru/catalog/diagnosticheskoe_oborudovanie/stendy_dlya_forsunok/stend_uz_launch_cnc_602a_dlya_6_i_forsunok.html;http://www.autoset-dv.ru/catalog/oborudovanie-dlja-ultrozvukovoy-chistki-forsunok/launch-cnc-602a;;;;
Robinair ACM 3000 - Автоматическая установка для обслуживания кондиционеров;http://www.autoscaners.ru/catalogue/?catalogue_id=robinair_acm_3000_avtomaticheskaya_ustanovka_dlya_obsluzhivaniya_konditsionerov;;https://www.vgarazhax.ru/garazhnoe-oborudovanie/robinair-acm3000;;http://electronicsystem.ru/other-diagnostic-tools/zapravka-kondicionera/ustanovka-dlia-zapravki-kondicionera/robinair-acm-3000.html;http://www.carmod.ru/products/otc_robinair_acm_3000s_avtomaticheskaya_ustanovka_dlya_zapravki_konditsionerov;http://www.mosautolab.ru/catalog/oborudovanie_dlya_avtokonditsionerov/ustanovki_dlya_zapravki/ustanovka_dlya_zapravki_avtokonditsionerov_robinair_acm3000_poluavtomaticheskaya_r134.html;;;;;
G-Smoke - Дымогенератор;http://www.autoscaners.ru/catalogue/?catalogue_id=g_smoke_dymogenerator;https://www.carscanner.ru/motor-testery-ostsillografy/index.php?option=com_virtuemart&page=shop.product_details&product_id=863&flypage=flypage-ask.tpl&category_id=297;;;;https://www.carmod.ru/products/gsmoke__kompaktnyj_dymogenerator;;;;;;
;;;;;;;;;;;;
;;;;;;;;;;;;
;;;;;;;;;;;;
BOSCH;;;;;;;;;;;;
BOSCH KTS 525;https://www.autoscaners.ru/catalogue/?catalogue_id=bosch_kts_525_professionalnyy_multimarochnyy_skaner;;;;;https://www.carmod.ru/products/bosch_kts_525s_mnogofunktsionalnyj_diagnosticheskij_skaner;https://www.mosautolab.ru/catalog/diagnosticheskoe_oborudovanie/avtoskanery/skaner_diagnosticheskiy_bosch_kts_525_bez_podpiski_esi_light.html;;;;;
KTS 540 BOSCH;https://www.autoscaners.ru/catalogue/?catalogue_id=bosch_kts_540_professionalnyy_multimarochnyy_skaner;;https://www.vgarazhax.ru/multimarochnye-skanery/bosch-kts540;;;;https://www.mosautolab.ru/catalog/diagnosticheskoe_oborudovanie/avtoskanery/skaner_diagnosticheskiy_bosch_kts_540_bez_podpiski_esitronic.html;;;;;
BOSCH KTS 560;https://www.autoscaners.ru/catalogue/?catalogue_id=bosch_kts_560_professionalnyy_multimarochnyy_skaner;;https://www.vgarazhax.ru/multimarochnye-skanery/bosh-;;;https://www.carmod.ru/products/bosch_kts_560s_professionalnyj_multimarochnyj_diagnosticheskij_skaner;https://www.mosautolab.ru/catalog/diagnosticheskoe_oborudovanie/avtoskanery/skaner_diagnosticheskiy_bosch_kts_560.html;;http://di-zel.ru/equipment/scanners/bosch_kts_560/;;;
BOSCH KTS 590;https://www.autoscaners.ru/catalogue/?catalogue_id=bosch_kts_590_professionalnyy_multimarochnyy_skaner;;https://www.vgarazhax.ru/multimarochnye-skanery/bosch-kts-590;;;https://www.carmod.ru/products/bosch_kts_590s_professionalnyj_multimarochnyj_diagnosticheskij_skaner;https://www.mosautolab.ru/catalog/diagnosticheskoe_oborudovanie/avtoskanery/skaner_diagnosticheskiy_bosch_kts_590.html;;http://di-zel.ru/equipment/scanners/bosch_kts_590/;;;
BOSСH KTS TRUCK;https://www.autoscaners.ru/catalogue/?catalogue_id=bossh_kts_truck_multimarochnyy_skaner_dlya_gruzovykh_avtomobiley_i_avtobusov;;https://www.vgarazhax.ru/multimarochnye-skanery/bosch-kts-truck;;;https://www.carmod.ru/products/bosch_kts_truck__skaner_dlya_gruzovyh_avtomobilej_i_avtobusov;https://www.mosautolab.ru/catalog/diagnosticheskoe_oborudovanie/avtoskanery/skaner_diagnosticheskiy_bosch_kts_truck_bez_podpiski_esitronic.html;;;;;
